{
  "minLatitude": 52.151671777844,
  "maxLatitude": 52.587861429254,
  "minLongitude": 16.52569808056,
  "maxLongitude": 17.277418844652
}